"","country","continent","lifeExp"
"1","Afghanistan","Asia",28.801
"2","Afghanistan","Asia",30.332
"3","Afghanistan","Asia",31.997
"4","Afghanistan","Asia",34.02
"5","Afghanistan","Asia",36.088
"6","Afghanistan","Asia",38.438
"7","Afghanistan","Asia",39.854
"8","Afghanistan","Asia",40.822
"9","Afghanistan","Asia",41.674
"10","Afghanistan","Asia",41.763
"11","Afghanistan","Asia",42.129
"12","Afghanistan","Asia",43.828
"13","Albania","Europe",55.23
"14","Albania","Europe",59.28
"15","Albania","Europe",64.82
"16","Albania","Europe",66.22
"17","Albania","Europe",67.69
"18","Albania","Europe",68.93
"19","Albania","Europe",70.42
"20","Albania","Europe",72
"21","Albania","Europe",71.581
"22","Albania","Europe",72.95
"23","Albania","Europe",75.651
"24","Albania","Europe",76.423
"25","Algeria","Africa",43.077
"26","Algeria","Africa",45.685
"27","Algeria","Africa",48.303
"28","Algeria","Africa",51.407
"29","Algeria","Africa",54.518
"30","Algeria","Africa",58.014
"31","Algeria","Africa",61.368
"32","Algeria","Africa",65.799
"33","Algeria","Africa",67.744
"34","Algeria","Africa",69.152
"35","Algeria","Africa",70.994
"36","Algeria","Africa",72.301
"37","Angola","Africa",30.015
"38","Angola","Africa",31.999
"39","Angola","Africa",34
"40","Angola","Africa",35.985
"41","Angola","Africa",37.928
"42","Angola","Africa",39.483
"43","Angola","Africa",39.942
"44","Angola","Africa",39.906
"45","Angola","Africa",40.647
"46","Angola","Africa",40.963
"47","Angola","Africa",41.003
"48","Angola","Africa",42.731
"49","Argentina","Americas",62.485
"50","Argentina","Americas",64.399
"51","Argentina","Americas",65.142
"52","Argentina","Americas",65.634
"53","Argentina","Americas",67.065
"54","Argentina","Americas",68.481
"55","Argentina","Americas",69.942
"56","Argentina","Americas",70.774
"57","Argentina","Americas",71.868
"58","Argentina","Americas",73.275
"59","Argentina","Americas",74.34
"60","Argentina","Americas",75.32
"61","Australia","Oceania",69.12
"62","Australia","Oceania",70.33
"63","Australia","Oceania",70.93
"64","Australia","Oceania",71.1
"65","Australia","Oceania",71.93
"66","Australia","Oceania",73.49
"67","Australia","Oceania",74.74
"68","Australia","Oceania",76.32
"69","Australia","Oceania",77.56
"70","Australia","Oceania",78.83
"71","Australia","Oceania",80.37
"72","Australia","Oceania",81.235
"73","Austria","Europe",66.8
"74","Austria","Europe",67.48
"75","Austria","Europe",69.54
"76","Austria","Europe",70.14
"77","Austria","Europe",70.63
"78","Austria","Europe",72.17
"79","Austria","Europe",73.18
"80","Austria","Europe",74.94
"81","Austria","Europe",76.04
"82","Austria","Europe",77.51
"83","Austria","Europe",78.98
"84","Austria","Europe",79.829
"85","Bahrain","Asia",50.939
"86","Bahrain","Asia",53.832
"87","Bahrain","Asia",56.923
"88","Bahrain","Asia",59.923
"89","Bahrain","Asia",63.3
"90","Bahrain","Asia",65.593
"91","Bahrain","Asia",69.052
"92","Bahrain","Asia",70.75
"93","Bahrain","Asia",72.601
"94","Bahrain","Asia",73.925
"95","Bahrain","Asia",74.795
"96","Bahrain","Asia",75.635
"97","Bangladesh","Asia",37.484
"98","Bangladesh","Asia",39.348
"99","Bangladesh","Asia",41.216
"100","Bangladesh","Asia",43.453
"101","Bangladesh","Asia",45.252
"102","Bangladesh","Asia",46.923
"103","Bangladesh","Asia",50.009
"104","Bangladesh","Asia",52.819
"105","Bangladesh","Asia",56.018
"106","Bangladesh","Asia",59.412
"107","Bangladesh","Asia",62.013
"108","Bangladesh","Asia",64.062
"109","Belgium","Europe",68
"110","Belgium","Europe",69.24
"111","Belgium","Europe",70.25
"112","Belgium","Europe",70.94
"113","Belgium","Europe",71.44
"114","Belgium","Europe",72.8
"115","Belgium","Europe",73.93
"116","Belgium","Europe",75.35
"117","Belgium","Europe",76.46
"118","Belgium","Europe",77.53
"119","Belgium","Europe",78.32
"120","Belgium","Europe",79.441
"121","Benin","Africa",38.223
"122","Benin","Africa",40.358
"123","Benin","Africa",42.618
"124","Benin","Africa",44.885
"125","Benin","Africa",47.014
"126","Benin","Africa",49.19
"127","Benin","Africa",50.904
"128","Benin","Africa",52.337
"129","Benin","Africa",53.919
"130","Benin","Africa",54.777
"131","Benin","Africa",54.406
"132","Benin","Africa",56.728
"133","Bolivia","Americas",40.414
"134","Bolivia","Americas",41.89
"135","Bolivia","Americas",43.428
"136","Bolivia","Americas",45.032
"137","Bolivia","Americas",46.714
"138","Bolivia","Americas",50.023
"139","Bolivia","Americas",53.859
"140","Bolivia","Americas",57.251
"141","Bolivia","Americas",59.957
"142","Bolivia","Americas",62.05
"143","Bolivia","Americas",63.883
"144","Bolivia","Americas",65.554
"145","Bosnia and Herzegovina","Europe",53.82
"146","Bosnia and Herzegovina","Europe",58.45
"147","Bosnia and Herzegovina","Europe",61.93
"148","Bosnia and Herzegovina","Europe",64.79
"149","Bosnia and Herzegovina","Europe",67.45
"150","Bosnia and Herzegovina","Europe",69.86
"151","Bosnia and Herzegovina","Europe",70.69
"152","Bosnia and Herzegovina","Europe",71.14
"153","Bosnia and Herzegovina","Europe",72.178
"154","Bosnia and Herzegovina","Europe",73.244
"155","Bosnia and Herzegovina","Europe",74.09
"156","Bosnia and Herzegovina","Europe",74.852
"157","Botswana","Africa",47.622
"158","Botswana","Africa",49.618
"159","Botswana","Africa",51.52
"160","Botswana","Africa",53.298
"161","Botswana","Africa",56.024
"162","Botswana","Africa",59.319
"163","Botswana","Africa",61.484
"164","Botswana","Africa",63.622
"165","Botswana","Africa",62.745
"166","Botswana","Africa",52.556
"167","Botswana","Africa",46.634
"168","Botswana","Africa",50.728
"169","Brazil","Americas",50.917
"170","Brazil","Americas",53.285
"171","Brazil","Americas",55.665
"172","Brazil","Americas",57.632
"173","Brazil","Americas",59.504
"174","Brazil","Americas",61.489
"175","Brazil","Americas",63.336
"176","Brazil","Americas",65.205
"177","Brazil","Americas",67.057
"178","Brazil","Americas",69.388
"179","Brazil","Americas",71.006
"180","Brazil","Americas",72.39
"181","Bulgaria","Europe",59.6
"182","Bulgaria","Europe",66.61
"183","Bulgaria","Europe",69.51
"184","Bulgaria","Europe",70.42
"185","Bulgaria","Europe",70.9
"186","Bulgaria","Europe",70.81
"187","Bulgaria","Europe",71.08
"188","Bulgaria","Europe",71.34
"189","Bulgaria","Europe",71.19
"190","Bulgaria","Europe",70.32
"191","Bulgaria","Europe",72.14
"192","Bulgaria","Europe",73.005
"193","Burkina Faso","Africa",31.975
"194","Burkina Faso","Africa",34.906
"195","Burkina Faso","Africa",37.814
"196","Burkina Faso","Africa",40.697
"197","Burkina Faso","Africa",43.591
"198","Burkina Faso","Africa",46.137
"199","Burkina Faso","Africa",48.122
"200","Burkina Faso","Africa",49.557
"201","Burkina Faso","Africa",50.26
"202","Burkina Faso","Africa",50.324
"203","Burkina Faso","Africa",50.65
"204","Burkina Faso","Africa",52.295
"205","Burundi","Africa",39.031
"206","Burundi","Africa",40.533
"207","Burundi","Africa",42.045
"208","Burundi","Africa",43.548
"209","Burundi","Africa",44.057
"210","Burundi","Africa",45.91
"211","Burundi","Africa",47.471
"212","Burundi","Africa",48.211
"213","Burundi","Africa",44.736
"214","Burundi","Africa",45.326
"215","Burundi","Africa",47.36
"216","Burundi","Africa",49.58
"217","Cambodia","Asia",39.417
"218","Cambodia","Asia",41.366
"219","Cambodia","Asia",43.415
"220","Cambodia","Asia",45.415
"221","Cambodia","Asia",40.317
"222","Cambodia","Asia",31.22
"223","Cambodia","Asia",50.957
"224","Cambodia","Asia",53.914
"225","Cambodia","Asia",55.803
"226","Cambodia","Asia",56.534
"227","Cambodia","Asia",56.752
"228","Cambodia","Asia",59.723
"229","Cameroon","Africa",38.523
"230","Cameroon","Africa",40.428
"231","Cameroon","Africa",42.643
"232","Cameroon","Africa",44.799
"233","Cameroon","Africa",47.049
"234","Cameroon","Africa",49.355
"235","Cameroon","Africa",52.961
"236","Cameroon","Africa",54.985
"237","Cameroon","Africa",54.314
"238","Cameroon","Africa",52.199
"239","Cameroon","Africa",49.856
"240","Cameroon","Africa",50.43
"241","Canada","Americas",68.75
"242","Canada","Americas",69.96
"243","Canada","Americas",71.3
"244","Canada","Americas",72.13
"245","Canada","Americas",72.88
"246","Canada","Americas",74.21
"247","Canada","Americas",75.76
"248","Canada","Americas",76.86
"249","Canada","Americas",77.95
"250","Canada","Americas",78.61
"251","Canada","Americas",79.77
"252","Canada","Americas",80.653
"253","Central African Republic","Africa",35.463
"254","Central African Republic","Africa",37.464
"255","Central African Republic","Africa",39.475
"256","Central African Republic","Africa",41.478
"257","Central African Republic","Africa",43.457
"258","Central African Republic","Africa",46.775
"259","Central African Republic","Africa",48.295
"260","Central African Republic","Africa",50.485
"261","Central African Republic","Africa",49.396
"262","Central African Republic","Africa",46.066
"263","Central African Republic","Africa",43.308
"264","Central African Republic","Africa",44.741
"265","Chad","Africa",38.092
"266","Chad","Africa",39.881
"267","Chad","Africa",41.716
"268","Chad","Africa",43.601
"269","Chad","Africa",45.569
"270","Chad","Africa",47.383
"271","Chad","Africa",49.517
"272","Chad","Africa",51.051
"273","Chad","Africa",51.724
"274","Chad","Africa",51.573
"275","Chad","Africa",50.525
"276","Chad","Africa",50.651
"277","Chile","Americas",54.745
"278","Chile","Americas",56.074
"279","Chile","Americas",57.924
"280","Chile","Americas",60.523
"281","Chile","Americas",63.441
"282","Chile","Americas",67.052
"283","Chile","Americas",70.565
"284","Chile","Americas",72.492
"285","Chile","Americas",74.126
"286","Chile","Americas",75.816
"287","Chile","Americas",77.86
"288","Chile","Americas",78.553
"289","China","Asia",44
"290","China","Asia",50.54896
"291","China","Asia",44.50136
"292","China","Asia",58.38112
"293","China","Asia",63.11888
"294","China","Asia",63.96736
"295","China","Asia",65.525
"296","China","Asia",67.274
"297","China","Asia",68.69
"298","China","Asia",70.426
"299","China","Asia",72.028
"300","China","Asia",72.961
"301","Colombia","Americas",50.643
"302","Colombia","Americas",55.118
"303","Colombia","Americas",57.863
"304","Colombia","Americas",59.963
"305","Colombia","Americas",61.623
"306","Colombia","Americas",63.837
"307","Colombia","Americas",66.653
"308","Colombia","Americas",67.768
"309","Colombia","Americas",68.421
"310","Colombia","Americas",70.313
"311","Colombia","Americas",71.682
"312","Colombia","Americas",72.889
"313","Comoros","Africa",40.715
"314","Comoros","Africa",42.46
"315","Comoros","Africa",44.467
"316","Comoros","Africa",46.472
"317","Comoros","Africa",48.944
"318","Comoros","Africa",50.939
"319","Comoros","Africa",52.933
"320","Comoros","Africa",54.926
"321","Comoros","Africa",57.939
"322","Comoros","Africa",60.66
"323","Comoros","Africa",62.974
"324","Comoros","Africa",65.152
"325","Congo, Dem. Rep.","Africa",39.143
"326","Congo, Dem. Rep.","Africa",40.652
"327","Congo, Dem. Rep.","Africa",42.122
"328","Congo, Dem. Rep.","Africa",44.056
"329","Congo, Dem. Rep.","Africa",45.989
"330","Congo, Dem. Rep.","Africa",47.804
"331","Congo, Dem. Rep.","Africa",47.784
"332","Congo, Dem. Rep.","Africa",47.412
"333","Congo, Dem. Rep.","Africa",45.548
"334","Congo, Dem. Rep.","Africa",42.587
"335","Congo, Dem. Rep.","Africa",44.966
"336","Congo, Dem. Rep.","Africa",46.462
"337","Congo, Rep.","Africa",42.111
"338","Congo, Rep.","Africa",45.053
"339","Congo, Rep.","Africa",48.435
"340","Congo, Rep.","Africa",52.04
"341","Congo, Rep.","Africa",54.907
"342","Congo, Rep.","Africa",55.625
"343","Congo, Rep.","Africa",56.695
"344","Congo, Rep.","Africa",57.47
"345","Congo, Rep.","Africa",56.433
"346","Congo, Rep.","Africa",52.962
"347","Congo, Rep.","Africa",52.97
"348","Congo, Rep.","Africa",55.322
"349","Costa Rica","Americas",57.206
"350","Costa Rica","Americas",60.026
"351","Costa Rica","Americas",62.842
"352","Costa Rica","Americas",65.424
"353","Costa Rica","Americas",67.849
"354","Costa Rica","Americas",70.75
"355","Costa Rica","Americas",73.45
"356","Costa Rica","Americas",74.752
"357","Costa Rica","Americas",75.713
"358","Costa Rica","Americas",77.26
"359","Costa Rica","Americas",78.123
"360","Costa Rica","Americas",78.782
"361","Cote d'Ivoire","Africa",40.477
"362","Cote d'Ivoire","Africa",42.469
"363","Cote d'Ivoire","Africa",44.93
"364","Cote d'Ivoire","Africa",47.35
"365","Cote d'Ivoire","Africa",49.801
"366","Cote d'Ivoire","Africa",52.374
"367","Cote d'Ivoire","Africa",53.983
"368","Cote d'Ivoire","Africa",54.655
"369","Cote d'Ivoire","Africa",52.044
"370","Cote d'Ivoire","Africa",47.991
"371","Cote d'Ivoire","Africa",46.832
"372","Cote d'Ivoire","Africa",48.328
"373","Croatia","Europe",61.21
"374","Croatia","Europe",64.77
"375","Croatia","Europe",67.13
"376","Croatia","Europe",68.5
"377","Croatia","Europe",69.61
"378","Croatia","Europe",70.64
"379","Croatia","Europe",70.46
"380","Croatia","Europe",71.52
"381","Croatia","Europe",72.527
"382","Croatia","Europe",73.68
"383","Croatia","Europe",74.876
"384","Croatia","Europe",75.748
"385","Cuba","Americas",59.421
"386","Cuba","Americas",62.325
"387","Cuba","Americas",65.246
"388","Cuba","Americas",68.29
"389","Cuba","Americas",70.723
"390","Cuba","Americas",72.649
"391","Cuba","Americas",73.717
"392","Cuba","Americas",74.174
"393","Cuba","Americas",74.414
"394","Cuba","Americas",76.151
"395","Cuba","Americas",77.158
"396","Cuba","Americas",78.273
"397","Czech Republic","Europe",66.87
"398","Czech Republic","Europe",69.03
"399","Czech Republic","Europe",69.9
"400","Czech Republic","Europe",70.38
"401","Czech Republic","Europe",70.29
"402","Czech Republic","Europe",70.71
"403","Czech Republic","Europe",70.96
"404","Czech Republic","Europe",71.58
"405","Czech Republic","Europe",72.4
"406","Czech Republic","Europe",74.01
"407","Czech Republic","Europe",75.51
"408","Czech Republic","Europe",76.486
"409","Denmark","Europe",70.78
"410","Denmark","Europe",71.81
"411","Denmark","Europe",72.35
"412","Denmark","Europe",72.96
"413","Denmark","Europe",73.47
"414","Denmark","Europe",74.69
"415","Denmark","Europe",74.63
"416","Denmark","Europe",74.8
"417","Denmark","Europe",75.33
"418","Denmark","Europe",76.11
"419","Denmark","Europe",77.18
"420","Denmark","Europe",78.332
"421","Djibouti","Africa",34.812
"422","Djibouti","Africa",37.328
"423","Djibouti","Africa",39.693
"424","Djibouti","Africa",42.074
"425","Djibouti","Africa",44.366
"426","Djibouti","Africa",46.519
"427","Djibouti","Africa",48.812
"428","Djibouti","Africa",50.04
"429","Djibouti","Africa",51.604
"430","Djibouti","Africa",53.157
"431","Djibouti","Africa",53.373
"432","Djibouti","Africa",54.791
"433","Dominican Republic","Americas",45.928
"434","Dominican Republic","Americas",49.828
"435","Dominican Republic","Americas",53.459
"436","Dominican Republic","Americas",56.751
"437","Dominican Republic","Americas",59.631
"438","Dominican Republic","Americas",61.788
"439","Dominican Republic","Americas",63.727
"440","Dominican Republic","Americas",66.046
"441","Dominican Republic","Americas",68.457
"442","Dominican Republic","Americas",69.957
"443","Dominican Republic","Americas",70.847
"444","Dominican Republic","Americas",72.235
"445","Ecuador","Americas",48.357
"446","Ecuador","Americas",51.356
"447","Ecuador","Americas",54.64
"448","Ecuador","Americas",56.678
"449","Ecuador","Americas",58.796
"450","Ecuador","Americas",61.31
"451","Ecuador","Americas",64.342
"452","Ecuador","Americas",67.231
"453","Ecuador","Americas",69.613
"454","Ecuador","Americas",72.312
"455","Ecuador","Americas",74.173
"456","Ecuador","Americas",74.994
"457","Egypt","Africa",41.893
"458","Egypt","Africa",44.444
"459","Egypt","Africa",46.992
"460","Egypt","Africa",49.293
"461","Egypt","Africa",51.137
"462","Egypt","Africa",53.319
"463","Egypt","Africa",56.006
"464","Egypt","Africa",59.797
"465","Egypt","Africa",63.674
"466","Egypt","Africa",67.217
"467","Egypt","Africa",69.806
"468","Egypt","Africa",71.338
"469","El Salvador","Americas",45.262
"470","El Salvador","Americas",48.57
"471","El Salvador","Americas",52.307
"472","El Salvador","Americas",55.855
"473","El Salvador","Americas",58.207
"474","El Salvador","Americas",56.696
"475","El Salvador","Americas",56.604
"476","El Salvador","Americas",63.154
"477","El Salvador","Americas",66.798
"478","El Salvador","Americas",69.535
"479","El Salvador","Americas",70.734
"480","El Salvador","Americas",71.878
"481","Equatorial Guinea","Africa",34.482
"482","Equatorial Guinea","Africa",35.983
"483","Equatorial Guinea","Africa",37.485
"484","Equatorial Guinea","Africa",38.987
"485","Equatorial Guinea","Africa",40.516
"486","Equatorial Guinea","Africa",42.024
"487","Equatorial Guinea","Africa",43.662
"488","Equatorial Guinea","Africa",45.664
"489","Equatorial Guinea","Africa",47.545
"490","Equatorial Guinea","Africa",48.245
"491","Equatorial Guinea","Africa",49.348
"492","Equatorial Guinea","Africa",51.579
"493","Eritrea","Africa",35.928
"494","Eritrea","Africa",38.047
"495","Eritrea","Africa",40.158
"496","Eritrea","Africa",42.189
"497","Eritrea","Africa",44.142
"498","Eritrea","Africa",44.535
"499","Eritrea","Africa",43.89
"500","Eritrea","Africa",46.453
"501","Eritrea","Africa",49.991
"502","Eritrea","Africa",53.378
"503","Eritrea","Africa",55.24
"504","Eritrea","Africa",58.04
"505","Ethiopia","Africa",34.078
"506","Ethiopia","Africa",36.667
"507","Ethiopia","Africa",40.059
"508","Ethiopia","Africa",42.115
"509","Ethiopia","Africa",43.515
"510","Ethiopia","Africa",44.51
"511","Ethiopia","Africa",44.916
"512","Ethiopia","Africa",46.684
"513","Ethiopia","Africa",48.091
"514","Ethiopia","Africa",49.402
"515","Ethiopia","Africa",50.725
"516","Ethiopia","Africa",52.947
"517","Finland","Europe",66.55
"518","Finland","Europe",67.49
"519","Finland","Europe",68.75
"520","Finland","Europe",69.83
"521","Finland","Europe",70.87
"522","Finland","Europe",72.52
"523","Finland","Europe",74.55
"524","Finland","Europe",74.83
"525","Finland","Europe",75.7
"526","Finland","Europe",77.13
"527","Finland","Europe",78.37
"528","Finland","Europe",79.313
"529","France","Europe",67.41
"530","France","Europe",68.93
"531","France","Europe",70.51
"532","France","Europe",71.55
"533","France","Europe",72.38
"534","France","Europe",73.83
"535","France","Europe",74.89
"536","France","Europe",76.34
"537","France","Europe",77.46
"538","France","Europe",78.64
"539","France","Europe",79.59
"540","France","Europe",80.657
"541","Gabon","Africa",37.003
"542","Gabon","Africa",38.999
"543","Gabon","Africa",40.489
"544","Gabon","Africa",44.598
"545","Gabon","Africa",48.69
"546","Gabon","Africa",52.79
"547","Gabon","Africa",56.564
"548","Gabon","Africa",60.19
"549","Gabon","Africa",61.366
"550","Gabon","Africa",60.461
"551","Gabon","Africa",56.761
"552","Gabon","Africa",56.735
"553","Gambia","Africa",30
"554","Gambia","Africa",32.065
"555","Gambia","Africa",33.896
"556","Gambia","Africa",35.857
"557","Gambia","Africa",38.308
"558","Gambia","Africa",41.842
"559","Gambia","Africa",45.58
"560","Gambia","Africa",49.265
"561","Gambia","Africa",52.644
"562","Gambia","Africa",55.861
"563","Gambia","Africa",58.041
"564","Gambia","Africa",59.448
"565","Germany","Europe",67.5
"566","Germany","Europe",69.1
"567","Germany","Europe",70.3
"568","Germany","Europe",70.8
"569","Germany","Europe",71
"570","Germany","Europe",72.5
"571","Germany","Europe",73.8
"572","Germany","Europe",74.847
"573","Germany","Europe",76.07
"574","Germany","Europe",77.34
"575","Germany","Europe",78.67
"576","Germany","Europe",79.406
"577","Ghana","Africa",43.149
"578","Ghana","Africa",44.779
"579","Ghana","Africa",46.452
"580","Ghana","Africa",48.072
"581","Ghana","Africa",49.875
"582","Ghana","Africa",51.756
"583","Ghana","Africa",53.744
"584","Ghana","Africa",55.729
"585","Ghana","Africa",57.501
"586","Ghana","Africa",58.556
"587","Ghana","Africa",58.453
"588","Ghana","Africa",60.022
"589","Greece","Europe",65.86
"590","Greece","Europe",67.86
"591","Greece","Europe",69.51
"592","Greece","Europe",71
"593","Greece","Europe",72.34
"594","Greece","Europe",73.68
"595","Greece","Europe",75.24
"596","Greece","Europe",76.67
"597","Greece","Europe",77.03
"598","Greece","Europe",77.869
"599","Greece","Europe",78.256
"600","Greece","Europe",79.483
"601","Guatemala","Americas",42.023
"602","Guatemala","Americas",44.142
"603","Guatemala","Americas",46.954
"604","Guatemala","Americas",50.016
"605","Guatemala","Americas",53.738
"606","Guatemala","Americas",56.029
"607","Guatemala","Americas",58.137
"608","Guatemala","Americas",60.782
"609","Guatemala","Americas",63.373
"610","Guatemala","Americas",66.322
"611","Guatemala","Americas",68.978
"612","Guatemala","Americas",70.259
"613","Guinea","Africa",33.609
"614","Guinea","Africa",34.558
"615","Guinea","Africa",35.753
"616","Guinea","Africa",37.197
"617","Guinea","Africa",38.842
"618","Guinea","Africa",40.762
"619","Guinea","Africa",42.891
"620","Guinea","Africa",45.552
"621","Guinea","Africa",48.576
"622","Guinea","Africa",51.455
"623","Guinea","Africa",53.676
"624","Guinea","Africa",56.007
"625","Guinea-Bissau","Africa",32.5
"626","Guinea-Bissau","Africa",33.489
"627","Guinea-Bissau","Africa",34.488
"628","Guinea-Bissau","Africa",35.492
"629","Guinea-Bissau","Africa",36.486
"630","Guinea-Bissau","Africa",37.465
"631","Guinea-Bissau","Africa",39.327
"632","Guinea-Bissau","Africa",41.245
"633","Guinea-Bissau","Africa",43.266
"634","Guinea-Bissau","Africa",44.873
"635","Guinea-Bissau","Africa",45.504
"636","Guinea-Bissau","Africa",46.388
"637","Haiti","Americas",37.579
"638","Haiti","Americas",40.696
"639","Haiti","Americas",43.59
"640","Haiti","Americas",46.243
"641","Haiti","Americas",48.042
"642","Haiti","Americas",49.923
"643","Haiti","Americas",51.461
"644","Haiti","Americas",53.636
"645","Haiti","Americas",55.089
"646","Haiti","Americas",56.671
"647","Haiti","Americas",58.137
"648","Haiti","Americas",60.916
"649","Honduras","Americas",41.912
"650","Honduras","Americas",44.665
"651","Honduras","Americas",48.041
"652","Honduras","Americas",50.924
"653","Honduras","Americas",53.884
"654","Honduras","Americas",57.402
"655","Honduras","Americas",60.909
"656","Honduras","Americas",64.492
"657","Honduras","Americas",66.399
"658","Honduras","Americas",67.659
"659","Honduras","Americas",68.565
"660","Honduras","Americas",70.198
"661","Hong Kong, China","Asia",60.96
"662","Hong Kong, China","Asia",64.75
"663","Hong Kong, China","Asia",67.65
"664","Hong Kong, China","Asia",70
"665","Hong Kong, China","Asia",72
"666","Hong Kong, China","Asia",73.6
"667","Hong Kong, China","Asia",75.45
"668","Hong Kong, China","Asia",76.2
"669","Hong Kong, China","Asia",77.601
"670","Hong Kong, China","Asia",80
"671","Hong Kong, China","Asia",81.495
"672","Hong Kong, China","Asia",82.208
"673","Hungary","Europe",64.03
"674","Hungary","Europe",66.41
"675","Hungary","Europe",67.96
"676","Hungary","Europe",69.5
"677","Hungary","Europe",69.76
"678","Hungary","Europe",69.95
"679","Hungary","Europe",69.39
"680","Hungary","Europe",69.58
"681","Hungary","Europe",69.17
"682","Hungary","Europe",71.04
"683","Hungary","Europe",72.59
"684","Hungary","Europe",73.338
"685","Iceland","Europe",72.49
"686","Iceland","Europe",73.47
"687","Iceland","Europe",73.68
"688","Iceland","Europe",73.73
"689","Iceland","Europe",74.46
"690","Iceland","Europe",76.11
"691","Iceland","Europe",76.99
"692","Iceland","Europe",77.23
"693","Iceland","Europe",78.77
"694","Iceland","Europe",78.95
"695","Iceland","Europe",80.5
"696","Iceland","Europe",81.757
"697","India","Asia",37.373
"698","India","Asia",40.249
"699","India","Asia",43.605
"700","India","Asia",47.193
"701","India","Asia",50.651
"702","India","Asia",54.208
"703","India","Asia",56.596
"704","India","Asia",58.553
"705","India","Asia",60.223
"706","India","Asia",61.765
"707","India","Asia",62.879
"708","India","Asia",64.698
"709","Indonesia","Asia",37.468
"710","Indonesia","Asia",39.918
"711","Indonesia","Asia",42.518
"712","Indonesia","Asia",45.964
"713","Indonesia","Asia",49.203
"714","Indonesia","Asia",52.702
"715","Indonesia","Asia",56.159
"716","Indonesia","Asia",60.137
"717","Indonesia","Asia",62.681
"718","Indonesia","Asia",66.041
"719","Indonesia","Asia",68.588
"720","Indonesia","Asia",70.65
"721","Iran","Asia",44.869
"722","Iran","Asia",47.181
"723","Iran","Asia",49.325
"724","Iran","Asia",52.469
"725","Iran","Asia",55.234
"726","Iran","Asia",57.702
"727","Iran","Asia",59.62
"728","Iran","Asia",63.04
"729","Iran","Asia",65.742
"730","Iran","Asia",68.042
"731","Iran","Asia",69.451
"732","Iran","Asia",70.964
"733","Iraq","Asia",45.32
"734","Iraq","Asia",48.437
"735","Iraq","Asia",51.457
"736","Iraq","Asia",54.459
"737","Iraq","Asia",56.95
"738","Iraq","Asia",60.413
"739","Iraq","Asia",62.038
"740","Iraq","Asia",65.044
"741","Iraq","Asia",59.461
"742","Iraq","Asia",58.811
"743","Iraq","Asia",57.046
"744","Iraq","Asia",59.545
"745","Ireland","Europe",66.91
"746","Ireland","Europe",68.9
"747","Ireland","Europe",70.29
"748","Ireland","Europe",71.08
"749","Ireland","Europe",71.28
"750","Ireland","Europe",72.03
"751","Ireland","Europe",73.1
"752","Ireland","Europe",74.36
"753","Ireland","Europe",75.467
"754","Ireland","Europe",76.122
"755","Ireland","Europe",77.783
"756","Ireland","Europe",78.885
"757","Israel","Asia",65.39
"758","Israel","Asia",67.84
"759","Israel","Asia",69.39
"760","Israel","Asia",70.75
"761","Israel","Asia",71.63
"762","Israel","Asia",73.06
"763","Israel","Asia",74.45
"764","Israel","Asia",75.6
"765","Israel","Asia",76.93
"766","Israel","Asia",78.269
"767","Israel","Asia",79.696
"768","Israel","Asia",80.745
"769","Italy","Europe",65.94
"770","Italy","Europe",67.81
"771","Italy","Europe",69.24
"772","Italy","Europe",71.06
"773","Italy","Europe",72.19
"774","Italy","Europe",73.48
"775","Italy","Europe",74.98
"776","Italy","Europe",76.42
"777","Italy","Europe",77.44
"778","Italy","Europe",78.82
"779","Italy","Europe",80.24
"780","Italy","Europe",80.546
"781","Jamaica","Americas",58.53
"782","Jamaica","Americas",62.61
"783","Jamaica","Americas",65.61
"784","Jamaica","Americas",67.51
"785","Jamaica","Americas",69
"786","Jamaica","Americas",70.11
"787","Jamaica","Americas",71.21
"788","Jamaica","Americas",71.77
"789","Jamaica","Americas",71.766
"790","Jamaica","Americas",72.262
"791","Jamaica","Americas",72.047
"792","Jamaica","Americas",72.567
"793","Japan","Asia",63.03
"794","Japan","Asia",65.5
"795","Japan","Asia",68.73
"796","Japan","Asia",71.43
"797","Japan","Asia",73.42
"798","Japan","Asia",75.38
"799","Japan","Asia",77.11
"800","Japan","Asia",78.67
"801","Japan","Asia",79.36
"802","Japan","Asia",80.69
"803","Japan","Asia",82
"804","Japan","Asia",82.603
"805","Jordan","Asia",43.158
"806","Jordan","Asia",45.669
"807","Jordan","Asia",48.126
"808","Jordan","Asia",51.629
"809","Jordan","Asia",56.528
"810","Jordan","Asia",61.134
"811","Jordan","Asia",63.739
"812","Jordan","Asia",65.869
"813","Jordan","Asia",68.015
"814","Jordan","Asia",69.772
"815","Jordan","Asia",71.263
"816","Jordan","Asia",72.535
"817","Kenya","Africa",42.27
"818","Kenya","Africa",44.686
"819","Kenya","Africa",47.949
"820","Kenya","Africa",50.654
"821","Kenya","Africa",53.559
"822","Kenya","Africa",56.155
"823","Kenya","Africa",58.766
"824","Kenya","Africa",59.339
"825","Kenya","Africa",59.285
"826","Kenya","Africa",54.407
"827","Kenya","Africa",50.992
"828","Kenya","Africa",54.11
"829","Korea, Dem. Rep.","Asia",50.056
"830","Korea, Dem. Rep.","Asia",54.081
"831","Korea, Dem. Rep.","Asia",56.656
"832","Korea, Dem. Rep.","Asia",59.942
"833","Korea, Dem. Rep.","Asia",63.983
"834","Korea, Dem. Rep.","Asia",67.159
"835","Korea, Dem. Rep.","Asia",69.1
"836","Korea, Dem. Rep.","Asia",70.647
"837","Korea, Dem. Rep.","Asia",69.978
"838","Korea, Dem. Rep.","Asia",67.727
"839","Korea, Dem. Rep.","Asia",66.662
"840","Korea, Dem. Rep.","Asia",67.297
"841","Korea, Rep.","Asia",47.453
"842","Korea, Rep.","Asia",52.681
"843","Korea, Rep.","Asia",55.292
"844","Korea, Rep.","Asia",57.716
"845","Korea, Rep.","Asia",62.612
"846","Korea, Rep.","Asia",64.766
"847","Korea, Rep.","Asia",67.123
"848","Korea, Rep.","Asia",69.81
"849","Korea, Rep.","Asia",72.244
"850","Korea, Rep.","Asia",74.647
"851","Korea, Rep.","Asia",77.045
"852","Korea, Rep.","Asia",78.623
"853","Kuwait","Asia",55.565
"854","Kuwait","Asia",58.033
"855","Kuwait","Asia",60.47
"856","Kuwait","Asia",64.624
"857","Kuwait","Asia",67.712
"858","Kuwait","Asia",69.343
"859","Kuwait","Asia",71.309
"860","Kuwait","Asia",74.174
"861","Kuwait","Asia",75.19
"862","Kuwait","Asia",76.156
"863","Kuwait","Asia",76.904
"864","Kuwait","Asia",77.588
"865","Lebanon","Asia",55.928
"866","Lebanon","Asia",59.489
"867","Lebanon","Asia",62.094
"868","Lebanon","Asia",63.87
"869","Lebanon","Asia",65.421
"870","Lebanon","Asia",66.099
"871","Lebanon","Asia",66.983
"872","Lebanon","Asia",67.926
"873","Lebanon","Asia",69.292
"874","Lebanon","Asia",70.265
"875","Lebanon","Asia",71.028
"876","Lebanon","Asia",71.993
"877","Lesotho","Africa",42.138
"878","Lesotho","Africa",45.047
"879","Lesotho","Africa",47.747
"880","Lesotho","Africa",48.492
"881","Lesotho","Africa",49.767
"882","Lesotho","Africa",52.208
"883","Lesotho","Africa",55.078
"884","Lesotho","Africa",57.18
"885","Lesotho","Africa",59.685
"886","Lesotho","Africa",55.558
"887","Lesotho","Africa",44.593
"888","Lesotho","Africa",42.592
"889","Liberia","Africa",38.48
"890","Liberia","Africa",39.486
"891","Liberia","Africa",40.502
"892","Liberia","Africa",41.536
"893","Liberia","Africa",42.614
"894","Liberia","Africa",43.764
"895","Liberia","Africa",44.852
"896","Liberia","Africa",46.027
"897","Liberia","Africa",40.802
"898","Liberia","Africa",42.221
"899","Liberia","Africa",43.753
"900","Liberia","Africa",45.678
"901","Libya","Africa",42.723
"902","Libya","Africa",45.289
"903","Libya","Africa",47.808
"904","Libya","Africa",50.227
"905","Libya","Africa",52.773
"906","Libya","Africa",57.442
"907","Libya","Africa",62.155
"908","Libya","Africa",66.234
"909","Libya","Africa",68.755
"910","Libya","Africa",71.555
"911","Libya","Africa",72.737
"912","Libya","Africa",73.952
"913","Madagascar","Africa",36.681
"914","Madagascar","Africa",38.865
"915","Madagascar","Africa",40.848
"916","Madagascar","Africa",42.881
"917","Madagascar","Africa",44.851
"918","Madagascar","Africa",46.881
"919","Madagascar","Africa",48.969
"920","Madagascar","Africa",49.35
"921","Madagascar","Africa",52.214
"922","Madagascar","Africa",54.978
"923","Madagascar","Africa",57.286
"924","Madagascar","Africa",59.443
"925","Malawi","Africa",36.256
"926","Malawi","Africa",37.207
"927","Malawi","Africa",38.41
"928","Malawi","Africa",39.487
"929","Malawi","Africa",41.766
"930","Malawi","Africa",43.767
"931","Malawi","Africa",45.642
"932","Malawi","Africa",47.457
"933","Malawi","Africa",49.42
"934","Malawi","Africa",47.495
"935","Malawi","Africa",45.009
"936","Malawi","Africa",48.303
"937","Malaysia","Asia",48.463
"938","Malaysia","Asia",52.102
"939","Malaysia","Asia",55.737
"940","Malaysia","Asia",59.371
"941","Malaysia","Asia",63.01
"942","Malaysia","Asia",65.256
"943","Malaysia","Asia",68
"944","Malaysia","Asia",69.5
"945","Malaysia","Asia",70.693
"946","Malaysia","Asia",71.938
"947","Malaysia","Asia",73.044
"948","Malaysia","Asia",74.241
"949","Mali","Africa",33.685
"950","Mali","Africa",35.307
"951","Mali","Africa",36.936
"952","Mali","Africa",38.487
"953","Mali","Africa",39.977
"954","Mali","Africa",41.714
"955","Mali","Africa",43.916
"956","Mali","Africa",46.364
"957","Mali","Africa",48.388
"958","Mali","Africa",49.903
"959","Mali","Africa",51.818
"960","Mali","Africa",54.467
"961","Mauritania","Africa",40.543
"962","Mauritania","Africa",42.338
"963","Mauritania","Africa",44.248
"964","Mauritania","Africa",46.289
"965","Mauritania","Africa",48.437
"966","Mauritania","Africa",50.852
"967","Mauritania","Africa",53.599
"968","Mauritania","Africa",56.145
"969","Mauritania","Africa",58.333
"970","Mauritania","Africa",60.43
"971","Mauritania","Africa",62.247
"972","Mauritania","Africa",64.164
"973","Mauritius","Africa",50.986
"974","Mauritius","Africa",58.089
"975","Mauritius","Africa",60.246
"976","Mauritius","Africa",61.557
"977","Mauritius","Africa",62.944
"978","Mauritius","Africa",64.93
"979","Mauritius","Africa",66.711
"980","Mauritius","Africa",68.74
"981","Mauritius","Africa",69.745
"982","Mauritius","Africa",70.736
"983","Mauritius","Africa",71.954
"984","Mauritius","Africa",72.801
"985","Mexico","Americas",50.789
"986","Mexico","Americas",55.19
"987","Mexico","Americas",58.299
"988","Mexico","Americas",60.11
"989","Mexico","Americas",62.361
"990","Mexico","Americas",65.032
"991","Mexico","Americas",67.405
"992","Mexico","Americas",69.498
"993","Mexico","Americas",71.455
"994","Mexico","Americas",73.67
"995","Mexico","Americas",74.902
"996","Mexico","Americas",76.195
"997","Mongolia","Asia",42.244
"998","Mongolia","Asia",45.248
"999","Mongolia","Asia",48.251
"1000","Mongolia","Asia",51.253
"1001","Mongolia","Asia",53.754
"1002","Mongolia","Asia",55.491
"1003","Mongolia","Asia",57.489
"1004","Mongolia","Asia",60.222
"1005","Mongolia","Asia",61.271
"1006","Mongolia","Asia",63.625
"1007","Mongolia","Asia",65.033
"1008","Mongolia","Asia",66.803
"1009","Montenegro","Europe",59.164
"1010","Montenegro","Europe",61.448
"1011","Montenegro","Europe",63.728
"1012","Montenegro","Europe",67.178
"1013","Montenegro","Europe",70.636
"1014","Montenegro","Europe",73.066
"1015","Montenegro","Europe",74.101
"1016","Montenegro","Europe",74.865
"1017","Montenegro","Europe",75.435
"1018","Montenegro","Europe",75.445
"1019","Montenegro","Europe",73.981
"1020","Montenegro","Europe",74.543
"1021","Morocco","Africa",42.873
"1022","Morocco","Africa",45.423
"1023","Morocco","Africa",47.924
"1024","Morocco","Africa",50.335
"1025","Morocco","Africa",52.862
"1026","Morocco","Africa",55.73
"1027","Morocco","Africa",59.65
"1028","Morocco","Africa",62.677
"1029","Morocco","Africa",65.393
"1030","Morocco","Africa",67.66
"1031","Morocco","Africa",69.615
"1032","Morocco","Africa",71.164
"1033","Mozambique","Africa",31.286
"1034","Mozambique","Africa",33.779
"1035","Mozambique","Africa",36.161
"1036","Mozambique","Africa",38.113
"1037","Mozambique","Africa",40.328
"1038","Mozambique","Africa",42.495
"1039","Mozambique","Africa",42.795
"1040","Mozambique","Africa",42.861
"1041","Mozambique","Africa",44.284
"1042","Mozambique","Africa",46.344
"1043","Mozambique","Africa",44.026
"1044","Mozambique","Africa",42.082
"1045","Myanmar","Asia",36.319
"1046","Myanmar","Asia",41.905
"1047","Myanmar","Asia",45.108
"1048","Myanmar","Asia",49.379
"1049","Myanmar","Asia",53.07
"1050","Myanmar","Asia",56.059
"1051","Myanmar","Asia",58.056
"1052","Myanmar","Asia",58.339
"1053","Myanmar","Asia",59.32
"1054","Myanmar","Asia",60.328
"1055","Myanmar","Asia",59.908
"1056","Myanmar","Asia",62.069
"1057","Namibia","Africa",41.725
"1058","Namibia","Africa",45.226
"1059","Namibia","Africa",48.386
"1060","Namibia","Africa",51.159
"1061","Namibia","Africa",53.867
"1062","Namibia","Africa",56.437
"1063","Namibia","Africa",58.968
"1064","Namibia","Africa",60.835
"1065","Namibia","Africa",61.999
"1066","Namibia","Africa",58.909
"1067","Namibia","Africa",51.479
"1068","Namibia","Africa",52.906
"1069","Nepal","Asia",36.157
"1070","Nepal","Asia",37.686
"1071","Nepal","Asia",39.393
"1072","Nepal","Asia",41.472
"1073","Nepal","Asia",43.971
"1074","Nepal","Asia",46.748
"1075","Nepal","Asia",49.594
"1076","Nepal","Asia",52.537
"1077","Nepal","Asia",55.727
"1078","Nepal","Asia",59.426
"1079","Nepal","Asia",61.34
"1080","Nepal","Asia",63.785
"1081","Netherlands","Europe",72.13
"1082","Netherlands","Europe",72.99
"1083","Netherlands","Europe",73.23
"1084","Netherlands","Europe",73.82
"1085","Netherlands","Europe",73.75
"1086","Netherlands","Europe",75.24
"1087","Netherlands","Europe",76.05
"1088","Netherlands","Europe",76.83
"1089","Netherlands","Europe",77.42
"1090","Netherlands","Europe",78.03
"1091","Netherlands","Europe",78.53
"1092","Netherlands","Europe",79.762
"1093","New Zealand","Oceania",69.39
"1094","New Zealand","Oceania",70.26
"1095","New Zealand","Oceania",71.24
"1096","New Zealand","Oceania",71.52
"1097","New Zealand","Oceania",71.89
"1098","New Zealand","Oceania",72.22
"1099","New Zealand","Oceania",73.84
"1100","New Zealand","Oceania",74.32
"1101","New Zealand","Oceania",76.33
"1102","New Zealand","Oceania",77.55
"1103","New Zealand","Oceania",79.11
"1104","New Zealand","Oceania",80.204
"1105","Nicaragua","Americas",42.314
"1106","Nicaragua","Americas",45.432
"1107","Nicaragua","Americas",48.632
"1108","Nicaragua","Americas",51.884
"1109","Nicaragua","Americas",55.151
"1110","Nicaragua","Americas",57.47
"1111","Nicaragua","Americas",59.298
"1112","Nicaragua","Americas",62.008
"1113","Nicaragua","Americas",65.843
"1114","Nicaragua","Americas",68.426
"1115","Nicaragua","Americas",70.836
"1116","Nicaragua","Americas",72.899
"1117","Niger","Africa",37.444
"1118","Niger","Africa",38.598
"1119","Niger","Africa",39.487
"1120","Niger","Africa",40.118
"1121","Niger","Africa",40.546
"1122","Niger","Africa",41.291
"1123","Niger","Africa",42.598
"1124","Niger","Africa",44.555
"1125","Niger","Africa",47.391
"1126","Niger","Africa",51.313
"1127","Niger","Africa",54.496
"1128","Niger","Africa",56.867
"1129","Nigeria","Africa",36.324
"1130","Nigeria","Africa",37.802
"1131","Nigeria","Africa",39.36
"1132","Nigeria","Africa",41.04
"1133","Nigeria","Africa",42.821
"1134","Nigeria","Africa",44.514
"1135","Nigeria","Africa",45.826
"1136","Nigeria","Africa",46.886
"1137","Nigeria","Africa",47.472
"1138","Nigeria","Africa",47.464
"1139","Nigeria","Africa",46.608
"1140","Nigeria","Africa",46.859
"1141","Norway","Europe",72.67
"1142","Norway","Europe",73.44
"1143","Norway","Europe",73.47
"1144","Norway","Europe",74.08
"1145","Norway","Europe",74.34
"1146","Norway","Europe",75.37
"1147","Norway","Europe",75.97
"1148","Norway","Europe",75.89
"1149","Norway","Europe",77.32
"1150","Norway","Europe",78.32
"1151","Norway","Europe",79.05
"1152","Norway","Europe",80.196
"1153","Oman","Asia",37.578
"1154","Oman","Asia",40.08
"1155","Oman","Asia",43.165
"1156","Oman","Asia",46.988
"1157","Oman","Asia",52.143
"1158","Oman","Asia",57.367
"1159","Oman","Asia",62.728
"1160","Oman","Asia",67.734
"1161","Oman","Asia",71.197
"1162","Oman","Asia",72.499
"1163","Oman","Asia",74.193
"1164","Oman","Asia",75.64
"1165","Pakistan","Asia",43.436
"1166","Pakistan","Asia",45.557
"1167","Pakistan","Asia",47.67
"1168","Pakistan","Asia",49.8
"1169","Pakistan","Asia",51.929
"1170","Pakistan","Asia",54.043
"1171","Pakistan","Asia",56.158
"1172","Pakistan","Asia",58.245
"1173","Pakistan","Asia",60.838
"1174","Pakistan","Asia",61.818
"1175","Pakistan","Asia",63.61
"1176","Pakistan","Asia",65.483
"1177","Panama","Americas",55.191
"1178","Panama","Americas",59.201
"1179","Panama","Americas",61.817
"1180","Panama","Americas",64.071
"1181","Panama","Americas",66.216
"1182","Panama","Americas",68.681
"1183","Panama","Americas",70.472
"1184","Panama","Americas",71.523
"1185","Panama","Americas",72.462
"1186","Panama","Americas",73.738
"1187","Panama","Americas",74.712
"1188","Panama","Americas",75.537
"1189","Paraguay","Americas",62.649
"1190","Paraguay","Americas",63.196
"1191","Paraguay","Americas",64.361
"1192","Paraguay","Americas",64.951
"1193","Paraguay","Americas",65.815
"1194","Paraguay","Americas",66.353
"1195","Paraguay","Americas",66.874
"1196","Paraguay","Americas",67.378
"1197","Paraguay","Americas",68.225
"1198","Paraguay","Americas",69.4
"1199","Paraguay","Americas",70.755
"1200","Paraguay","Americas",71.752
"1201","Peru","Americas",43.902
"1202","Peru","Americas",46.263
"1203","Peru","Americas",49.096
"1204","Peru","Americas",51.445
"1205","Peru","Americas",55.448
"1206","Peru","Americas",58.447
"1207","Peru","Americas",61.406
"1208","Peru","Americas",64.134
"1209","Peru","Americas",66.458
"1210","Peru","Americas",68.386
"1211","Peru","Americas",69.906
"1212","Peru","Americas",71.421
"1213","Philippines","Asia",47.752
"1214","Philippines","Asia",51.334
"1215","Philippines","Asia",54.757
"1216","Philippines","Asia",56.393
"1217","Philippines","Asia",58.065
"1218","Philippines","Asia",60.06
"1219","Philippines","Asia",62.082
"1220","Philippines","Asia",64.151
"1221","Philippines","Asia",66.458
"1222","Philippines","Asia",68.564
"1223","Philippines","Asia",70.303
"1224","Philippines","Asia",71.688
"1225","Poland","Europe",61.31
"1226","Poland","Europe",65.77
"1227","Poland","Europe",67.64
"1228","Poland","Europe",69.61
"1229","Poland","Europe",70.85
"1230","Poland","Europe",70.67
"1231","Poland","Europe",71.32
"1232","Poland","Europe",70.98
"1233","Poland","Europe",70.99
"1234","Poland","Europe",72.75
"1235","Poland","Europe",74.67
"1236","Poland","Europe",75.563
"1237","Portugal","Europe",59.82
"1238","Portugal","Europe",61.51
"1239","Portugal","Europe",64.39
"1240","Portugal","Europe",66.6
"1241","Portugal","Europe",69.26
"1242","Portugal","Europe",70.41
"1243","Portugal","Europe",72.77
"1244","Portugal","Europe",74.06
"1245","Portugal","Europe",74.86
"1246","Portugal","Europe",75.97
"1247","Portugal","Europe",77.29
"1248","Portugal","Europe",78.098
"1249","Puerto Rico","Americas",64.28
"1250","Puerto Rico","Americas",68.54
"1251","Puerto Rico","Americas",69.62
"1252","Puerto Rico","Americas",71.1
"1253","Puerto Rico","Americas",72.16
"1254","Puerto Rico","Americas",73.44
"1255","Puerto Rico","Americas",73.75
"1256","Puerto Rico","Americas",74.63
"1257","Puerto Rico","Americas",73.911
"1258","Puerto Rico","Americas",74.917
"1259","Puerto Rico","Americas",77.778
"1260","Puerto Rico","Americas",78.746
"1261","Reunion","Africa",52.724
"1262","Reunion","Africa",55.09
"1263","Reunion","Africa",57.666
"1264","Reunion","Africa",60.542
"1265","Reunion","Africa",64.274
"1266","Reunion","Africa",67.064
"1267","Reunion","Africa",69.885
"1268","Reunion","Africa",71.913
"1269","Reunion","Africa",73.615
"1270","Reunion","Africa",74.772
"1271","Reunion","Africa",75.744
"1272","Reunion","Africa",76.442
"1273","Romania","Europe",61.05
"1274","Romania","Europe",64.1
"1275","Romania","Europe",66.8
"1276","Romania","Europe",66.8
"1277","Romania","Europe",69.21
"1278","Romania","Europe",69.46
"1279","Romania","Europe",69.66
"1280","Romania","Europe",69.53
"1281","Romania","Europe",69.36
"1282","Romania","Europe",69.72
"1283","Romania","Europe",71.322
"1284","Romania","Europe",72.476
"1285","Rwanda","Africa",40
"1286","Rwanda","Africa",41.5
"1287","Rwanda","Africa",43
"1288","Rwanda","Africa",44.1
"1289","Rwanda","Africa",44.6
"1290","Rwanda","Africa",45
"1291","Rwanda","Africa",46.218
"1292","Rwanda","Africa",44.02
"1293","Rwanda","Africa",23.599
"1294","Rwanda","Africa",36.087
"1295","Rwanda","Africa",43.413
"1296","Rwanda","Africa",46.242
"1297","Sao Tome and Principe","Africa",46.471
"1298","Sao Tome and Principe","Africa",48.945
"1299","Sao Tome and Principe","Africa",51.893
"1300","Sao Tome and Principe","Africa",54.425
"1301","Sao Tome and Principe","Africa",56.48
"1302","Sao Tome and Principe","Africa",58.55
"1303","Sao Tome and Principe","Africa",60.351
"1304","Sao Tome and Principe","Africa",61.728
"1305","Sao Tome and Principe","Africa",62.742
"1306","Sao Tome and Principe","Africa",63.306
"1307","Sao Tome and Principe","Africa",64.337
"1308","Sao Tome and Principe","Africa",65.528
"1309","Saudi Arabia","Asia",39.875
"1310","Saudi Arabia","Asia",42.868
"1311","Saudi Arabia","Asia",45.914
"1312","Saudi Arabia","Asia",49.901
"1313","Saudi Arabia","Asia",53.886
"1314","Saudi Arabia","Asia",58.69
"1315","Saudi Arabia","Asia",63.012
"1316","Saudi Arabia","Asia",66.295
"1317","Saudi Arabia","Asia",68.768
"1318","Saudi Arabia","Asia",70.533
"1319","Saudi Arabia","Asia",71.626
"1320","Saudi Arabia","Asia",72.777
"1321","Senegal","Africa",37.278
"1322","Senegal","Africa",39.329
"1323","Senegal","Africa",41.454
"1324","Senegal","Africa",43.563
"1325","Senegal","Africa",45.815
"1326","Senegal","Africa",48.879
"1327","Senegal","Africa",52.379
"1328","Senegal","Africa",55.769
"1329","Senegal","Africa",58.196
"1330","Senegal","Africa",60.187
"1331","Senegal","Africa",61.6
"1332","Senegal","Africa",63.062
"1333","Serbia","Europe",57.996
"1334","Serbia","Europe",61.685
"1335","Serbia","Europe",64.531
"1336","Serbia","Europe",66.914
"1337","Serbia","Europe",68.7
"1338","Serbia","Europe",70.3
"1339","Serbia","Europe",70.162
"1340","Serbia","Europe",71.218
"1341","Serbia","Europe",71.659
"1342","Serbia","Europe",72.232
"1343","Serbia","Europe",73.213
"1344","Serbia","Europe",74.002
"1345","Sierra Leone","Africa",30.331
"1346","Sierra Leone","Africa",31.57
"1347","Sierra Leone","Africa",32.767
"1348","Sierra Leone","Africa",34.113
"1349","Sierra Leone","Africa",35.4
"1350","Sierra Leone","Africa",36.788
"1351","Sierra Leone","Africa",38.445
"1352","Sierra Leone","Africa",40.006
"1353","Sierra Leone","Africa",38.333
"1354","Sierra Leone","Africa",39.897
"1355","Sierra Leone","Africa",41.012
"1356","Sierra Leone","Africa",42.568
"1357","Singapore","Asia",60.396
"1358","Singapore","Asia",63.179
"1359","Singapore","Asia",65.798
"1360","Singapore","Asia",67.946
"1361","Singapore","Asia",69.521
"1362","Singapore","Asia",70.795
"1363","Singapore","Asia",71.76
"1364","Singapore","Asia",73.56
"1365","Singapore","Asia",75.788
"1366","Singapore","Asia",77.158
"1367","Singapore","Asia",78.77
"1368","Singapore","Asia",79.972
"1369","Slovak Republic","Europe",64.36
"1370","Slovak Republic","Europe",67.45
"1371","Slovak Republic","Europe",70.33
"1372","Slovak Republic","Europe",70.98
"1373","Slovak Republic","Europe",70.35
"1374","Slovak Republic","Europe",70.45
"1375","Slovak Republic","Europe",70.8
"1376","Slovak Republic","Europe",71.08
"1377","Slovak Republic","Europe",71.38
"1378","Slovak Republic","Europe",72.71
"1379","Slovak Republic","Europe",73.8
"1380","Slovak Republic","Europe",74.663
"1381","Slovenia","Europe",65.57
"1382","Slovenia","Europe",67.85
"1383","Slovenia","Europe",69.15
"1384","Slovenia","Europe",69.18
"1385","Slovenia","Europe",69.82
"1386","Slovenia","Europe",70.97
"1387","Slovenia","Europe",71.063
"1388","Slovenia","Europe",72.25
"1389","Slovenia","Europe",73.64
"1390","Slovenia","Europe",75.13
"1391","Slovenia","Europe",76.66
"1392","Slovenia","Europe",77.926
"1393","Somalia","Africa",32.978
"1394","Somalia","Africa",34.977
"1395","Somalia","Africa",36.981
"1396","Somalia","Africa",38.977
"1397","Somalia","Africa",40.973
"1398","Somalia","Africa",41.974
"1399","Somalia","Africa",42.955
"1400","Somalia","Africa",44.501
"1401","Somalia","Africa",39.658
"1402","Somalia","Africa",43.795
"1403","Somalia","Africa",45.936
"1404","Somalia","Africa",48.159
"1405","South Africa","Africa",45.009
"1406","South Africa","Africa",47.985
"1407","South Africa","Africa",49.951
"1408","South Africa","Africa",51.927
"1409","South Africa","Africa",53.696
"1410","South Africa","Africa",55.527
"1411","South Africa","Africa",58.161
"1412","South Africa","Africa",60.834
"1413","South Africa","Africa",61.888
"1414","South Africa","Africa",60.236
"1415","South Africa","Africa",53.365
"1416","South Africa","Africa",49.339
"1417","Spain","Europe",64.94
"1418","Spain","Europe",66.66
"1419","Spain","Europe",69.69
"1420","Spain","Europe",71.44
"1421","Spain","Europe",73.06
"1422","Spain","Europe",74.39
"1423","Spain","Europe",76.3
"1424","Spain","Europe",76.9
"1425","Spain","Europe",77.57
"1426","Spain","Europe",78.77
"1427","Spain","Europe",79.78
"1428","Spain","Europe",80.941
"1429","Sri Lanka","Asia",57.593
"1430","Sri Lanka","Asia",61.456
"1431","Sri Lanka","Asia",62.192
"1432","Sri Lanka","Asia",64.266
"1433","Sri Lanka","Asia",65.042
"1434","Sri Lanka","Asia",65.949
"1435","Sri Lanka","Asia",68.757
"1436","Sri Lanka","Asia",69.011
"1437","Sri Lanka","Asia",70.379
"1438","Sri Lanka","Asia",70.457
"1439","Sri Lanka","Asia",70.815
"1440","Sri Lanka","Asia",72.396
"1441","Sudan","Africa",38.635
"1442","Sudan","Africa",39.624
"1443","Sudan","Africa",40.87
"1444","Sudan","Africa",42.858
"1445","Sudan","Africa",45.083
"1446","Sudan","Africa",47.8
"1447","Sudan","Africa",50.338
"1448","Sudan","Africa",51.744
"1449","Sudan","Africa",53.556
"1450","Sudan","Africa",55.373
"1451","Sudan","Africa",56.369
"1452","Sudan","Africa",58.556
"1453","Swaziland","Africa",41.407
"1454","Swaziland","Africa",43.424
"1455","Swaziland","Africa",44.992
"1456","Swaziland","Africa",46.633
"1457","Swaziland","Africa",49.552
"1458","Swaziland","Africa",52.537
"1459","Swaziland","Africa",55.561
"1460","Swaziland","Africa",57.678
"1461","Swaziland","Africa",58.474
"1462","Swaziland","Africa",54.289
"1463","Swaziland","Africa",43.869
"1464","Swaziland","Africa",39.613
"1465","Sweden","Europe",71.86
"1466","Sweden","Europe",72.49
"1467","Sweden","Europe",73.37
"1468","Sweden","Europe",74.16
"1469","Sweden","Europe",74.72
"1470","Sweden","Europe",75.44
"1471","Sweden","Europe",76.42
"1472","Sweden","Europe",77.19
"1473","Sweden","Europe",78.16
"1474","Sweden","Europe",79.39
"1475","Sweden","Europe",80.04
"1476","Sweden","Europe",80.884
"1477","Switzerland","Europe",69.62
"1478","Switzerland","Europe",70.56
"1479","Switzerland","Europe",71.32
"1480","Switzerland","Europe",72.77
"1481","Switzerland","Europe",73.78
"1482","Switzerland","Europe",75.39
"1483","Switzerland","Europe",76.21
"1484","Switzerland","Europe",77.41
"1485","Switzerland","Europe",78.03
"1486","Switzerland","Europe",79.37
"1487","Switzerland","Europe",80.62
"1488","Switzerland","Europe",81.701
"1489","Syria","Asia",45.883
"1490","Syria","Asia",48.284
"1491","Syria","Asia",50.305
"1492","Syria","Asia",53.655
"1493","Syria","Asia",57.296
"1494","Syria","Asia",61.195
"1495","Syria","Asia",64.59
"1496","Syria","Asia",66.974
"1497","Syria","Asia",69.249
"1498","Syria","Asia",71.527
"1499","Syria","Asia",73.053
"1500","Syria","Asia",74.143
"1501","Taiwan","Asia",58.5
"1502","Taiwan","Asia",62.4
"1503","Taiwan","Asia",65.2
"1504","Taiwan","Asia",67.5
"1505","Taiwan","Asia",69.39
"1506","Taiwan","Asia",70.59
"1507","Taiwan","Asia",72.16
"1508","Taiwan","Asia",73.4
"1509","Taiwan","Asia",74.26
"1510","Taiwan","Asia",75.25
"1511","Taiwan","Asia",76.99
"1512","Taiwan","Asia",78.4
"1513","Tanzania","Africa",41.215
"1514","Tanzania","Africa",42.974
"1515","Tanzania","Africa",44.246
"1516","Tanzania","Africa",45.757
"1517","Tanzania","Africa",47.62
"1518","Tanzania","Africa",49.919
"1519","Tanzania","Africa",50.608
"1520","Tanzania","Africa",51.535
"1521","Tanzania","Africa",50.44
"1522","Tanzania","Africa",48.466
"1523","Tanzania","Africa",49.651
"1524","Tanzania","Africa",52.517
"1525","Thailand","Asia",50.848
"1526","Thailand","Asia",53.63
"1527","Thailand","Asia",56.061
"1528","Thailand","Asia",58.285
"1529","Thailand","Asia",60.405
"1530","Thailand","Asia",62.494
"1531","Thailand","Asia",64.597
"1532","Thailand","Asia",66.084
"1533","Thailand","Asia",67.298
"1534","Thailand","Asia",67.521
"1535","Thailand","Asia",68.564
"1536","Thailand","Asia",70.616
"1537","Togo","Africa",38.596
"1538","Togo","Africa",41.208
"1539","Togo","Africa",43.922
"1540","Togo","Africa",46.769
"1541","Togo","Africa",49.759
"1542","Togo","Africa",52.887
"1543","Togo","Africa",55.471
"1544","Togo","Africa",56.941
"1545","Togo","Africa",58.061
"1546","Togo","Africa",58.39
"1547","Togo","Africa",57.561
"1548","Togo","Africa",58.42
"1549","Trinidad and Tobago","Americas",59.1
"1550","Trinidad and Tobago","Americas",61.8
"1551","Trinidad and Tobago","Americas",64.9
"1552","Trinidad and Tobago","Americas",65.4
"1553","Trinidad and Tobago","Americas",65.9
"1554","Trinidad and Tobago","Americas",68.3
"1555","Trinidad and Tobago","Americas",68.832
"1556","Trinidad and Tobago","Americas",69.582
"1557","Trinidad and Tobago","Americas",69.862
"1558","Trinidad and Tobago","Americas",69.465
"1559","Trinidad and Tobago","Americas",68.976
"1560","Trinidad and Tobago","Americas",69.819
"1561","Tunisia","Africa",44.6
"1562","Tunisia","Africa",47.1
"1563","Tunisia","Africa",49.579
"1564","Tunisia","Africa",52.053
"1565","Tunisia","Africa",55.602
"1566","Tunisia","Africa",59.837
"1567","Tunisia","Africa",64.048
"1568","Tunisia","Africa",66.894
"1569","Tunisia","Africa",70.001
"1570","Tunisia","Africa",71.973
"1571","Tunisia","Africa",73.042
"1572","Tunisia","Africa",73.923
"1573","Turkey","Europe",43.585
"1574","Turkey","Europe",48.079
"1575","Turkey","Europe",52.098
"1576","Turkey","Europe",54.336
"1577","Turkey","Europe",57.005
"1578","Turkey","Europe",59.507
"1579","Turkey","Europe",61.036
"1580","Turkey","Europe",63.108
"1581","Turkey","Europe",66.146
"1582","Turkey","Europe",68.835
"1583","Turkey","Europe",70.845
"1584","Turkey","Europe",71.777
"1585","Uganda","Africa",39.978
"1586","Uganda","Africa",42.571
"1587","Uganda","Africa",45.344
"1588","Uganda","Africa",48.051
"1589","Uganda","Africa",51.016
"1590","Uganda","Africa",50.35
"1591","Uganda","Africa",49.849
"1592","Uganda","Africa",51.509
"1593","Uganda","Africa",48.825
"1594","Uganda","Africa",44.578
"1595","Uganda","Africa",47.813
"1596","Uganda","Africa",51.542
"1597","United Kingdom","Europe",69.18
"1598","United Kingdom","Europe",70.42
"1599","United Kingdom","Europe",70.76
"1600","United Kingdom","Europe",71.36
"1601","United Kingdom","Europe",72.01
"1602","United Kingdom","Europe",72.76
"1603","United Kingdom","Europe",74.04
"1604","United Kingdom","Europe",75.007
"1605","United Kingdom","Europe",76.42
"1606","United Kingdom","Europe",77.218
"1607","United Kingdom","Europe",78.471
"1608","United Kingdom","Europe",79.425
"1609","United States","Americas",68.44
"1610","United States","Americas",69.49
"1611","United States","Americas",70.21
"1612","United States","Americas",70.76
"1613","United States","Americas",71.34
"1614","United States","Americas",73.38
"1615","United States","Americas",74.65
"1616","United States","Americas",75.02
"1617","United States","Americas",76.09
"1618","United States","Americas",76.81
"1619","United States","Americas",77.31
"1620","United States","Americas",78.242
"1621","Uruguay","Americas",66.071
"1622","Uruguay","Americas",67.044
"1623","Uruguay","Americas",68.253
"1624","Uruguay","Americas",68.468
"1625","Uruguay","Americas",68.673
"1626","Uruguay","Americas",69.481
"1627","Uruguay","Americas",70.805
"1628","Uruguay","Americas",71.918
"1629","Uruguay","Americas",72.752
"1630","Uruguay","Americas",74.223
"1631","Uruguay","Americas",75.307
"1632","Uruguay","Americas",76.384
"1633","Venezuela","Americas",55.088
"1634","Venezuela","Americas",57.907
"1635","Venezuela","Americas",60.77
"1636","Venezuela","Americas",63.479
"1637","Venezuela","Americas",65.712
"1638","Venezuela","Americas",67.456
"1639","Venezuela","Americas",68.557
"1640","Venezuela","Americas",70.19
"1641","Venezuela","Americas",71.15
"1642","Venezuela","Americas",72.146
"1643","Venezuela","Americas",72.766
"1644","Venezuela","Americas",73.747
"1645","Vietnam","Asia",40.412
"1646","Vietnam","Asia",42.887
"1647","Vietnam","Asia",45.363
"1648","Vietnam","Asia",47.838
"1649","Vietnam","Asia",50.254
"1650","Vietnam","Asia",55.764
"1651","Vietnam","Asia",58.816
"1652","Vietnam","Asia",62.82
"1653","Vietnam","Asia",67.662
"1654","Vietnam","Asia",70.672
"1655","Vietnam","Asia",73.017
"1656","Vietnam","Asia",74.249
"1657","West Bank and Gaza","Asia",43.16
"1658","West Bank and Gaza","Asia",45.671
"1659","West Bank and Gaza","Asia",48.127
"1660","West Bank and Gaza","Asia",51.631
"1661","West Bank and Gaza","Asia",56.532
"1662","West Bank and Gaza","Asia",60.765
"1663","West Bank and Gaza","Asia",64.406
"1664","West Bank and Gaza","Asia",67.046
"1665","West Bank and Gaza","Asia",69.718
"1666","West Bank and Gaza","Asia",71.096
"1667","West Bank and Gaza","Asia",72.37
"1668","West Bank and Gaza","Asia",73.422
"1669","Yemen, Rep.","Asia",32.548
"1670","Yemen, Rep.","Asia",33.97
"1671","Yemen, Rep.","Asia",35.18
"1672","Yemen, Rep.","Asia",36.984
"1673","Yemen, Rep.","Asia",39.848
"1674","Yemen, Rep.","Asia",44.175
"1675","Yemen, Rep.","Asia",49.113
"1676","Yemen, Rep.","Asia",52.922
"1677","Yemen, Rep.","Asia",55.599
"1678","Yemen, Rep.","Asia",58.02
"1679","Yemen, Rep.","Asia",60.308
"1680","Yemen, Rep.","Asia",62.698
"1681","Zambia","Africa",42.038
"1682","Zambia","Africa",44.077
"1683","Zambia","Africa",46.023
"1684","Zambia","Africa",47.768
"1685","Zambia","Africa",50.107
"1686","Zambia","Africa",51.386
"1687","Zambia","Africa",51.821
"1688","Zambia","Africa",50.821
"1689","Zambia","Africa",46.1
"1690","Zambia","Africa",40.238
"1691","Zambia","Africa",39.193
"1692","Zambia","Africa",42.384
"1693","Zimbabwe","Africa",48.451
"1694","Zimbabwe","Africa",50.469
"1695","Zimbabwe","Africa",52.358
"1696","Zimbabwe","Africa",53.995
"1697","Zimbabwe","Africa",55.635
"1698","Zimbabwe","Africa",57.674
"1699","Zimbabwe","Africa",60.363
"1700","Zimbabwe","Africa",62.351
"1701","Zimbabwe","Africa",60.377
"1702","Zimbabwe","Africa",46.809
"1703","Zimbabwe","Africa",39.989
"1704","Zimbabwe","Africa",43.487
